{"cameraMode":{"drawMode":0,"name":"Shaded","section":"Shading Mode"},"sceneLighting":false,"audioPlay":false,"sceneViewState":{"m_AlwaysRefresh":false,"showFog":true,"showSkybox":false,"showFlares":true,"showImageEffects":true,"showParticleSystems":true,"showVisualEffectGraphs":true,"m_FxEnabled":true},"in2DMode":false,"pivot":{"x":0.08967490494251251,"y":1.7609000205993653,"z":0.2853360176086426},"rotation":{"x":0.023918787017464639,"y":-0.5920347571372986,"z":-0.017582722008228303,"w":-0.8053695559501648},"size":1.8866026401519776,"orthographic":false}