{"cameraMode":{"drawMode":0,"name":"Shaded","section":"Shading Mode"},"sceneLighting":true,"audioPlay":false,"sceneViewState":{"m_AlwaysRefresh":false,"showFog":true,"showSkybox":true,"showFlares":true,"showImageEffects":true,"showParticleSystems":true,"showVisualEffectGraphs":true,"m_FxEnabled":true},"in2DMode":false,"pivot":{"x":-0.5585899353027344,"y":2.7087273597717287,"z":-7.710104465484619},"rotation":{"x":0.023202046751976014,"y":0.8449656367301941,"z":-0.036779578775167468,"w":0.5330475568771362},"size":4.805698394775391,"orthographic":true}