{"cameraMode":{"drawMode":0,"name":"Shaded","section":"Shading Mode"},"sceneLighting":false,"audioPlay":false,"sceneViewState":{"m_AlwaysRefresh":false,"showFog":true,"showSkybox":false,"showFlares":true,"showImageEffects":true,"showParticleSystems":true,"showVisualEffectGraphs":true,"m_FxEnabled":true},"in2DMode":false,"pivot":{"x":0.1570105254650116,"y":1.1898118257522584,"z":3.1416568756103517},"rotation":{"x":-0.04126192629337311,"y":-0.667330801486969,"z":-0.037074945867061618,"w":0.7426942586898804},"size":0.4751493036746979,"orthographic":true}