{"cameraMode":{"drawMode":0,"name":"Shaded","section":"Shading Mode"},"sceneLighting":false,"audioPlay":false,"sceneViewState":{"m_AlwaysRefresh":false,"showFog":true,"showSkybox":false,"showFlares":true,"showImageEffects":true,"showParticleSystems":true,"showVisualEffectGraphs":true,"m_FxEnabled":true},"in2DMode":false,"pivot":{"x":-1.9077682495117188,"y":1.6076011657714844,"z":-1.0152816772460938},"rotation":{"x":0.09940394759178162,"y":-0.3151935040950775,"z":0.0332174189388752,"w":0.9432234168052673},"size":12.439934730529786,"orthographic":false}